ID,P22
1,V_22-1
2,V_22-2
3,V_22-3
4,V_22-4
5,V_22-5
6,V_22-6
7,V_22-7
8,V_22-8
9,V_22-9
10,V_22-10
11,V_22-11
12,V_22-12
13,V_22-13
14,V_22-14
15,V_22-15
16,V_22-16
17,V_22-17
18,V_22-18
19,V_22-19
20,V_22-20
21,V_22-21
22,V_22-22
23,V_22-23
24,V_22-24
25,V_22-25
26,V_22-26
27,V_22-27
28,V_22-28
29,V_22-29
30,V_22-30
31,V_22-31
32,V_22-32
33,V_22-33
34,V_22-34
35,V_22-35
36,V_22-36
37,V_22-37
38,V_22-38
39,V_22-39
40,V_22-40
41,V_22-41
42,V_22-42
43,V_22-43
44,V_22-44
45,V_22-45
46,V_22-46
47,V_22-47
48,V_22-48
49,V_22-49
50,V_22-50
51,V_22-51
52,V_22-52
53,V_22-53
54,V_22-54
55,V_22-55
56,V_22-56
57,V_22-57
58,V_22-58
59,V_22-59
60,V_22-60
61,V_22-61
62,V_22-62
63,V_22-63
64,V_22-64
65,V_22-65
66,V_22-66
67,V_22-67
68,V_22-68
69,V_22-69
70,V_22-70
71,V_22-71
72,V_22-72
73,V_22-73
74,V_22-74
75,V_22-75
76,V_22-76
77,V_22-77
78,V_22-78
79,V_22-79
80,V_22-80
81,V_22-81
82,V_22-82
83,V_22-83
84,V_22-84
85,V_22-85
86,V_22-86
87,V_22-87
88,V_22-88
89,V_22-89
90,V_22-90
91,V_22-91
92,V_22-92
93,V_22-93
94,V_22-94
95,V_22-95
96,V_22-96
97,V_22-97
98,V_22-98
99,V_22-99
100,V_22-100
101,V_22-101
102,V_22-102
103,V_22-103
104,V_22-104
105,V_22-105
106,V_22-106
107,V_22-107
108,V_22-108
109,V_22-109
110,V_22-110
111,V_22-111
112,V_22-112
113,V_22-113
114,V_22-114
115,V_22-115
116,V_22-116
117,V_22-117
118,V_22-118
119,V_22-119
120,V_22-120
121,V_22-121
122,V_22-122
123,V_22-123
124,V_22-124
125,V_22-125
126,V_22-126
127,V_22-127
128,V_22-128
129,V_22-129
130,V_22-130
131,V_22-131
132,V_22-132
133,V_22-133
134,V_22-134
135,V_22-135
136,V_22-136
137,V_22-137
138,V_22-138
139,V_22-139
140,V_22-140
141,V_22-141
142,V_22-142
143,V_22-143
144,V_22-144
145,V_22-145
146,V_22-146
147,V_22-147
148,V_22-148
149,V_22-149
150,V_22-150
151,V_22-151
152,V_22-152
153,V_22-153
154,V_22-154
155,V_22-155
156,V_22-156
157,V_22-157
158,V_22-158
159,V_22-159
160,V_22-160
161,V_22-161
162,V_22-162
163,V_22-163
164,V_22-164
165,V_22-165
166,V_22-166
167,V_22-167
168,V_22-168
169,V_22-169
170,V_22-170
171,V_22-171
172,V_22-172
173,V_22-173
174,V_22-174
175,V_22-175
176,V_22-176
177,V_22-177
178,V_22-178
179,V_22-179
180,V_22-180
181,V_22-181
182,V_22-182
183,V_22-183
184,V_22-184
185,V_22-185
186,V_22-186
187,V_22-187
188,V_22-188
189,V_22-189
190,V_22-190
191,V_22-191
192,V_22-192
193,V_22-193
194,V_22-194
195,V_22-195
196,V_22-196
197,V_22-197
198,V_22-198
199,V_22-199
200,V_22-200
201,V_22-201
202,V_22-202
203,V_22-203
204,V_22-204
205,V_22-205
206,V_22-206
207,V_22-207
208,V_22-208
209,V_22-209
210,V_22-210
211,V_22-211
212,V_22-212
213,V_22-213
214,V_22-214
215,V_22-215
216,V_22-216
217,V_22-217
218,V_22-218
219,V_22-219
220,V_22-220
221,V_22-221
222,V_22-222
223,V_22-223
224,V_22-224
225,V_22-225
226,V_22-226
227,V_22-227
228,V_22-228
229,V_22-229
230,V_22-230
231,V_22-231
232,V_22-232
233,V_22-233
234,V_22-234
235,V_22-235
236,V_22-236
237,V_22-237
238,V_22-238
239,V_22-239
240,V_22-240
241,V_22-241
242,V_22-242
243,V_22-243
244,V_22-244
245,V_22-245
246,V_22-246
247,V_22-247
248,V_22-248
249,V_22-249
250,V_22-250
251,V_22-251
252,V_22-252
253,V_22-253
254,V_22-254
255,V_22-255
256,V_22-256
257,V_22-257
258,V_22-258
259,V_22-259
260,V_22-260
261,V_22-261
262,V_22-262
263,V_22-263
264,V_22-264
265,V_22-265
266,V_22-266
267,V_22-267
268,V_22-268
269,V_22-269
270,V_22-270
271,V_22-271
272,V_22-272
273,V_22-273
274,V_22-274
275,V_22-275
276,V_22-276
277,V_22-277
278,V_22-278
279,V_22-279
280,V_22-280
281,V_22-281
282,V_22-282
283,V_22-283
284,V_22-284
285,V_22-285
286,V_22-286
287,V_22-287
288,V_22-288
289,V_22-289
290,V_22-290
291,V_22-291
292,V_22-292
293,V_22-293
294,V_22-294
295,V_22-295
296,V_22-296
297,V_22-297
298,V_22-298
299,V_22-299
300,V_22-300
301,V_22-301
302,V_22-302
303,V_22-303
304,V_22-304
305,V_22-305
306,V_22-306
307,V_22-307
308,V_22-308
309,V_22-309
310,V_22-310
311,V_22-311
312,V_22-312
313,V_22-313
314,V_22-314
315,V_22-315
316,V_22-316
317,V_22-317
318,V_22-318
319,V_22-319
320,V_22-320
321,V_22-321
322,V_22-322
323,V_22-323
324,V_22-324
325,V_22-325
326,V_22-326
327,V_22-327
328,V_22-328
329,V_22-329
330,V_22-330
331,V_22-331
332,V_22-332
333,V_22-333
334,V_22-334
335,V_22-335
336,V_22-336
337,V_22-337
338,V_22-338
339,V_22-339
340,V_22-340
341,V_22-341
342,V_22-342
343,V_22-343
344,V_22-344
345,V_22-345
346,V_22-346
347,V_22-347
348,V_22-348
349,V_22-349
350,V_22-350
351,V_22-351
352,V_22-352
353,V_22-353
354,V_22-354
355,V_22-355
356,V_22-356
357,V_22-357
358,V_22-358
359,V_22-359
360,V_22-360
361,V_22-361
362,V_22-362
363,V_22-363
364,V_22-364
365,V_22-365
366,V_22-366
367,V_22-367
368,V_22-368
369,V_22-369
370,V_22-370
371,V_22-371
372,V_22-372
373,V_22-373
374,V_22-374
375,V_22-375
376,V_22-376
377,V_22-377
378,V_22-378
379,V_22-379
380,V_22-380
381,V_22-381
382,V_22-382
383,V_22-383
384,V_22-384
385,V_22-385
386,V_22-386
387,V_22-387
388,V_22-388
389,V_22-389
390,V_22-390
391,V_22-391
392,V_22-392
393,V_22-393
394,V_22-394
395,V_22-395
396,V_22-396
397,V_22-397
398,V_22-398
399,V_22-399
400,V_22-400
401,V_22-401
402,V_22-402
403,V_22-403
404,V_22-404
405,V_22-405
406,V_22-406
407,V_22-407
408,V_22-408
409,V_22-409
410,V_22-410
411,V_22-411
412,V_22-412
413,V_22-413
414,V_22-414
415,V_22-415
416,V_22-416
417,V_22-417
418,V_22-418
419,V_22-419
420,V_22-420
421,V_22-421
422,V_22-422
423,V_22-423
424,V_22-424
425,V_22-425
426,V_22-426
427,V_22-427
428,V_22-428
429,V_22-429
430,V_22-430
431,V_22-431
432,V_22-432
433,V_22-433
434,V_22-434
435,V_22-435
436,V_22-436
437,V_22-437
438,V_22-438
439,V_22-439
440,V_22-440
441,V_22-441
442,V_22-442
443,V_22-443
444,V_22-444
445,V_22-445
446,V_22-446
447,V_22-447
448,V_22-448
449,V_22-449
450,V_22-450
451,V_22-451
452,V_22-452
453,V_22-453
454,V_22-454
455,V_22-455
456,V_22-456
457,V_22-457
458,V_22-458
459,V_22-459
460,V_22-460
461,V_22-461
462,V_22-462
463,V_22-463
464,V_22-464
465,V_22-465
466,V_22-466
467,V_22-467
468,V_22-468
469,V_22-469
470,V_22-470
471,V_22-471
472,V_22-472
473,V_22-473
474,V_22-474
475,V_22-475
476,V_22-476
477,V_22-477
478,V_22-478
479,V_22-479
480,V_22-480
481,V_22-481
482,V_22-482
483,V_22-483
484,V_22-484
485,V_22-485
486,V_22-486
487,V_22-487
488,V_22-488
489,V_22-489
490,V_22-490
491,V_22-491
492,V_22-492
493,V_22-493
494,V_22-494
495,V_22-495
496,V_22-496
497,V_22-497
498,V_22-498
499,V_22-499
500,V_22-500
501,V_22-501
502,V_22-502
503,V_22-503
504,V_22-504
505,V_22-505
506,V_22-506
507,V_22-507
508,V_22-508
509,V_22-509
510,V_22-510
511,V_22-511
512,V_22-512
513,V_22-513
514,V_22-514
515,V_22-515
516,V_22-516
517,V_22-517
518,V_22-518
519,V_22-519
520,V_22-520
521,V_22-521
522,V_22-522
523,V_22-523
524,V_22-524
525,V_22-525
526,V_22-526
527,V_22-527
528,V_22-528
529,V_22-529
530,V_22-530
531,V_22-531
532,V_22-532
533,V_22-533
534,V_22-534
535,V_22-535
536,V_22-536
537,V_22-537
538,V_22-538
539,V_22-539
540,V_22-540
541,V_22-541
542,V_22-542
543,V_22-543
544,V_22-544
545,V_22-545
546,V_22-546
547,V_22-547
548,V_22-548
549,V_22-549
550,V_22-550
551,V_22-551
552,V_22-552
553,V_22-553
554,V_22-554
555,V_22-555
556,V_22-556
557,V_22-557
558,V_22-558
559,V_22-559
560,V_22-560
561,V_22-561
562,V_22-562
563,V_22-563
564,V_22-564
565,V_22-565
566,V_22-566
567,V_22-567
568,V_22-568
569,V_22-569
570,V_22-570
571,V_22-571
572,V_22-572
573,V_22-573
574,V_22-574
575,V_22-575
576,V_22-576
577,V_22-577
578,V_22-578
579,V_22-579
580,V_22-580
581,V_22-581
582,V_22-582
583,V_22-583
584,V_22-584
585,V_22-585
586,V_22-586
587,V_22-587
588,V_22-588
589,V_22-589
590,V_22-590
591,V_22-591
592,V_22-592
593,V_22-593
594,V_22-594
595,V_22-595
596,V_22-596
597,V_22-597
598,V_22-598
599,V_22-599
600,V_22-600
601,V_22-601
602,V_22-602
603,V_22-603
604,V_22-604
605,V_22-605
606,V_22-606
607,V_22-607
608,V_22-608
609,V_22-609
610,V_22-610
611,V_22-611
612,V_22-612
613,V_22-613
614,V_22-614
615,V_22-615
616,V_22-616
617,V_22-617
618,V_22-618
619,V_22-619
620,V_22-620
621,V_22-621
622,V_22-622
623,V_22-623
624,V_22-624
625,V_22-625
626,V_22-626
627,V_22-627
628,V_22-628
629,V_22-629
630,V_22-630
631,V_22-631
632,V_22-632
633,V_22-633
634,V_22-634
635,V_22-635
636,V_22-636
637,V_22-637
638,V_22-638
639,V_22-639
640,V_22-640
641,V_22-641
642,V_22-642
643,V_22-643
644,V_22-644
645,V_22-645
646,V_22-646
647,V_22-647
648,V_22-648
649,V_22-649
650,V_22-650
651,V_22-651
652,V_22-652
653,V_22-653
654,V_22-654
655,V_22-655
656,V_22-656
657,V_22-657
658,V_22-658
659,V_22-659
660,V_22-660
661,V_22-661
662,V_22-662
663,V_22-663
664,V_22-664
665,V_22-665
666,V_22-666
667,V_22-667
668,V_22-668
669,V_22-669
670,V_22-670
671,V_22-671
672,V_22-672
673,V_22-673
674,V_22-674
675,V_22-675
676,V_22-676
677,V_22-677
678,V_22-678
679,V_22-679
680,V_22-680
681,V_22-681
682,V_22-682
683,V_22-683
684,V_22-684
685,V_22-685
686,V_22-686
687,V_22-687
688,V_22-688
689,V_22-689
690,V_22-690
691,V_22-691
692,V_22-692
693,V_22-693
694,V_22-694
695,V_22-695
696,V_22-696
697,V_22-697
698,V_22-698
699,V_22-699
700,V_22-700
701,V_22-701
702,V_22-702
703,V_22-703
704,V_22-704
705,V_22-705
706,V_22-706
707,V_22-707
708,V_22-708
709,V_22-709
710,V_22-710
711,V_22-711
712,V_22-712
713,V_22-713
714,V_22-714
715,V_22-715
716,V_22-716
717,V_22-717
718,V_22-718
719,V_22-719
720,V_22-720
721,V_22-721
722,V_22-722
723,V_22-723
724,V_22-724
725,V_22-725
726,V_22-726
727,V_22-727
728,V_22-728
729,V_22-729
730,V_22-730
731,V_22-731
732,V_22-732
733,V_22-733
734,V_22-734
735,V_22-735
736,V_22-736
737,V_22-737
738,V_22-738
739,V_22-739
740,V_22-740
741,V_22-741
742,V_22-742
743,V_22-743
744,V_22-744
745,V_22-745
746,V_22-746
747,V_22-747
748,V_22-748
749,V_22-749
750,V_22-750
751,V_22-751
752,V_22-752
753,V_22-753
754,V_22-754
755,V_22-755
756,V_22-756
757,V_22-757
758,V_22-758
759,V_22-759
760,V_22-760
761,V_22-761
762,V_22-762
763,V_22-763
764,V_22-764
765,V_22-765
766,V_22-766
767,V_22-767
768,V_22-768
769,V_22-769
770,V_22-770
771,V_22-771
772,V_22-772
773,V_22-773
774,V_22-774
775,V_22-775
776,V_22-776
777,V_22-777
778,V_22-778
779,V_22-779
780,V_22-780
781,V_22-781
782,V_22-782
783,V_22-783
784,V_22-784
785,V_22-785
786,V_22-786
787,V_22-787
788,V_22-788
789,V_22-789
790,V_22-790
791,V_22-791
792,V_22-792
793,V_22-793
794,V_22-794
795,V_22-795
796,V_22-796
797,V_22-797
798,V_22-798
799,V_22-799
800,V_22-800
801,V_22-801
802,V_22-802
803,V_22-803
804,V_22-804
805,V_22-805
806,V_22-806
807,V_22-807
808,V_22-808
809,V_22-809
810,V_22-810
811,V_22-811
812,V_22-812
813,V_22-813
814,V_22-814
815,V_22-815
816,V_22-816
817,V_22-817
818,V_22-818
819,V_22-819
820,V_22-820
821,V_22-821
822,V_22-822
823,V_22-823
824,V_22-824
825,V_22-825
826,V_22-826
827,V_22-827
828,V_22-828
829,V_22-829
830,V_22-830
831,V_22-831
832,V_22-832
833,V_22-833
834,V_22-834
835,V_22-835
836,V_22-836
837,V_22-837
838,V_22-838
839,V_22-839
840,V_22-840
841,V_22-841
842,V_22-842
843,V_22-843
844,V_22-844
845,V_22-845
846,V_22-846
847,V_22-847
848,V_22-848
849,V_22-849
850,V_22-850
851,V_22-851
852,V_22-852
853,V_22-853
854,V_22-854
855,V_22-855
856,V_22-856
857,V_22-857
858,V_22-858
859,V_22-859
860,V_22-860
861,V_22-861
862,V_22-862
863,V_22-863
864,V_22-864
865,V_22-865
866,V_22-866
867,V_22-867
868,V_22-868
869,V_22-869
870,V_22-870
871,V_22-871
872,V_22-872
873,V_22-873
874,V_22-874
875,V_22-875
876,V_22-876
877,V_22-877
878,V_22-878
879,V_22-879
880,V_22-880
881,V_22-881
882,V_22-882
883,V_22-883
884,V_22-884
885,V_22-885
886,V_22-886
887,V_22-887
888,V_22-888
889,V_22-889
890,V_22-890
891,V_22-891
892,V_22-892
893,V_22-893
894,V_22-894
895,V_22-895
896,V_22-896
897,V_22-897
898,V_22-898
899,V_22-899
900,V_22-900
901,V_22-901
902,V_22-902
903,V_22-903
904,V_22-904
905,V_22-905
906,V_22-906
907,V_22-907
908,V_22-908
909,V_22-909
910,V_22-910
911,V_22-911
912,V_22-912
913,V_22-913
914,V_22-914
915,V_22-915
916,V_22-916
917,V_22-917
918,V_22-918
919,V_22-919
920,V_22-920
921,V_22-921
922,V_22-922
923,V_22-923
924,V_22-924
925,V_22-925
926,V_22-926
927,V_22-927
928,V_22-928
929,V_22-929
930,V_22-930
931,V_22-931
932,V_22-932
933,V_22-933
934,V_22-934
935,V_22-935
936,V_22-936
937,V_22-937
938,V_22-938
939,V_22-939
940,V_22-940
941,V_22-941
942,V_22-942
943,V_22-943
944,V_22-944
945,V_22-945
946,V_22-946
947,V_22-947
948,V_22-948
949,V_22-949
950,V_22-950
951,V_22-951
952,V_22-952
953,V_22-953
954,V_22-954
955,V_22-955
956,V_22-956
957,V_22-957
958,V_22-958
959,V_22-959
960,V_22-960
961,V_22-961
962,V_22-962
963,V_22-963
964,V_22-964
965,V_22-965
966,V_22-966
967,V_22-967
968,V_22-968
969,V_22-969
970,V_22-970
971,V_22-971
972,V_22-972
973,V_22-973
974,V_22-974
975,V_22-975
976,V_22-976
977,V_22-977
978,V_22-978
979,V_22-979
980,V_22-980
981,V_22-981
982,V_22-982
983,V_22-983
984,V_22-984
985,V_22-985
986,V_22-986
987,V_22-987
988,V_22-988
989,V_22-989
990,V_22-990
991,V_22-991
992,V_22-992
993,V_22-993
994,V_22-994
995,V_22-995
996,V_22-996
997,V_22-997
998,V_22-998
999,V_22-999
1000,V_22-1000
