ID,P22,P23
1,V_22-1,V_23-1
2,V_22-2,V_23-2
3,V_22-3,V_23-3
4,V_22-4,V_23-4
5,V_22-5,V_23-5
6,V_22-6,V_23-6
7,V_22-7,V_23-7
8,V_22-8,V_23-8
9,V_22-9,V_23-9
10,V_22-10,V_23-10
11,V_22-11,V_23-11
12,V_22-12,V_23-12
13,V_22-13,V_23-13
14,V_22-14,V_23-14
15,V_22-15,V_23-15
16,V_22-16,V_23-16
17,V_22-17,V_23-17
18,V_22-18,V_23-18
19,V_22-19,V_23-19
20,V_22-20,V_23-20
21,V_22-21,V_23-21
22,V_22-22,V_23-22
23,V_22-23,V_23-23
24,V_22-24,V_23-24
25,V_22-25,V_23-25
26,V_22-26,V_23-26
27,V_22-27,V_23-27
28,V_22-28,V_23-28
29,V_22-29,V_23-29
30,V_22-30,V_23-30
31,V_22-31,V_23-31
32,V_22-32,V_23-32
33,V_22-33,V_23-33
34,V_22-34,V_23-34
35,V_22-35,V_23-35
36,V_22-36,V_23-36
37,V_22-37,V_23-37
38,V_22-38,V_23-38
39,V_22-39,V_23-39
40,V_22-40,V_23-40
41,V_22-41,V_23-41
42,V_22-42,V_23-42
43,V_22-43,V_23-43
44,V_22-44,V_23-44
45,V_22-45,V_23-45
46,V_22-46,V_23-46
47,V_22-47,V_23-47
48,V_22-48,V_23-48
49,V_22-49,V_23-49
50,V_22-50,V_23-50
51,V_22-51,V_23-51
52,V_22-52,V_23-52
53,V_22-53,V_23-53
54,V_22-54,V_23-54
55,V_22-55,V_23-55
56,V_22-56,V_23-56
57,V_22-57,V_23-57
58,V_22-58,V_23-58
59,V_22-59,V_23-59
60,V_22-60,V_23-60
61,V_22-61,V_23-61
62,V_22-62,V_23-62
63,V_22-63,V_23-63
64,V_22-64,V_23-64
65,V_22-65,V_23-65
66,V_22-66,V_23-66
67,V_22-67,V_23-67
68,V_22-68,V_23-68
69,V_22-69,V_23-69
70,V_22-70,V_23-70
71,V_22-71,V_23-71
72,V_22-72,V_23-72
73,V_22-73,V_23-73
74,V_22-74,V_23-74
75,V_22-75,V_23-75
76,V_22-76,V_23-76
77,V_22-77,V_23-77
78,V_22-78,V_23-78
79,V_22-79,V_23-79
80,V_22-80,V_23-80
81,V_22-81,V_23-81
82,V_22-82,V_23-82
83,V_22-83,V_23-83
84,V_22-84,V_23-84
85,V_22-85,V_23-85
86,V_22-86,V_23-86
87,V_22-87,V_23-87
88,V_22-88,V_23-88
89,V_22-89,V_23-89
90,V_22-90,V_23-90
91,V_22-91,V_23-91
92,V_22-92,V_23-92
93,V_22-93,V_23-93
94,V_22-94,V_23-94
95,V_22-95,V_23-95
96,V_22-96,V_23-96
97,V_22-97,V_23-97
98,V_22-98,V_23-98
99,V_22-99,V_23-99
100,V_22-100,V_23-100
101,V_22-101,V_23-101
102,V_22-102,V_23-102
103,V_22-103,V_23-103
104,V_22-104,V_23-104
105,V_22-105,V_23-105
106,V_22-106,V_23-106
107,V_22-107,V_23-107
108,V_22-108,V_23-108
109,V_22-109,V_23-109
110,V_22-110,V_23-110
111,V_22-111,V_23-111
112,V_22-112,V_23-112
113,V_22-113,V_23-113
114,V_22-114,V_23-114
115,V_22-115,V_23-115
116,V_22-116,V_23-116
117,V_22-117,V_23-117
118,V_22-118,V_23-118
119,V_22-119,V_23-119
120,V_22-120,V_23-120
121,V_22-121,V_23-121
122,V_22-122,V_23-122
123,V_22-123,V_23-123
124,V_22-124,V_23-124
125,V_22-125,V_23-125
126,V_22-126,V_23-126
127,V_22-127,V_23-127
128,V_22-128,V_23-128
129,V_22-129,V_23-129
130,V_22-130,V_23-130
131,V_22-131,V_23-131
132,V_22-132,V_23-132
133,V_22-133,V_23-133
134,V_22-134,V_23-134
135,V_22-135,V_23-135
136,V_22-136,V_23-136
137,V_22-137,V_23-137
138,V_22-138,V_23-138
139,V_22-139,V_23-139
140,V_22-140,V_23-140
141,V_22-141,V_23-141
142,V_22-142,V_23-142
143,V_22-143,V_23-143
144,V_22-144,V_23-144
145,V_22-145,V_23-145
146,V_22-146,V_23-146
147,V_22-147,V_23-147
148,V_22-148,V_23-148
149,V_22-149,V_23-149
150,V_22-150,V_23-150
151,V_22-151,V_23-151
152,V_22-152,V_23-152
153,V_22-153,V_23-153
154,V_22-154,V_23-154
155,V_22-155,V_23-155
156,V_22-156,V_23-156
157,V_22-157,V_23-157
158,V_22-158,V_23-158
159,V_22-159,V_23-159
160,V_22-160,V_23-160
161,V_22-161,V_23-161
162,V_22-162,V_23-162
163,V_22-163,V_23-163
164,V_22-164,V_23-164
165,V_22-165,V_23-165
166,V_22-166,V_23-166
167,V_22-167,V_23-167
168,V_22-168,V_23-168
169,V_22-169,V_23-169
170,V_22-170,V_23-170
171,V_22-171,V_23-171
172,V_22-172,V_23-172
173,V_22-173,V_23-173
174,V_22-174,V_23-174
175,V_22-175,V_23-175
176,V_22-176,V_23-176
177,V_22-177,V_23-177
178,V_22-178,V_23-178
179,V_22-179,V_23-179
180,V_22-180,V_23-180
181,V_22-181,V_23-181
182,V_22-182,V_23-182
183,V_22-183,V_23-183
184,V_22-184,V_23-184
185,V_22-185,V_23-185
186,V_22-186,V_23-186
187,V_22-187,V_23-187
188,V_22-188,V_23-188
189,V_22-189,V_23-189
190,V_22-190,V_23-190
191,V_22-191,V_23-191
192,V_22-192,V_23-192
193,V_22-193,V_23-193
194,V_22-194,V_23-194
195,V_22-195,V_23-195
196,V_22-196,V_23-196
197,V_22-197,V_23-197
198,V_22-198,V_23-198
199,V_22-199,V_23-199
200,V_22-200,V_23-200
201,V_22-201,V_23-201
202,V_22-202,V_23-202
203,V_22-203,V_23-203
204,V_22-204,V_23-204
205,V_22-205,V_23-205
206,V_22-206,V_23-206
207,V_22-207,V_23-207
208,V_22-208,V_23-208
209,V_22-209,V_23-209
210,V_22-210,V_23-210
211,V_22-211,V_23-211
212,V_22-212,V_23-212
213,V_22-213,V_23-213
214,V_22-214,V_23-214
215,V_22-215,V_23-215
216,V_22-216,V_23-216
217,V_22-217,V_23-217
218,V_22-218,V_23-218
219,V_22-219,V_23-219
220,V_22-220,V_23-220
221,V_22-221,V_23-221
222,V_22-222,V_23-222
223,V_22-223,V_23-223
224,V_22-224,V_23-224
225,V_22-225,V_23-225
226,V_22-226,V_23-226
227,V_22-227,V_23-227
228,V_22-228,V_23-228
229,V_22-229,V_23-229
230,V_22-230,V_23-230
231,V_22-231,V_23-231
232,V_22-232,V_23-232
233,V_22-233,V_23-233
234,V_22-234,V_23-234
235,V_22-235,V_23-235
236,V_22-236,V_23-236
237,V_22-237,V_23-237
238,V_22-238,V_23-238
239,V_22-239,V_23-239
240,V_22-240,V_23-240
241,V_22-241,V_23-241
242,V_22-242,V_23-242
243,V_22-243,V_23-243
244,V_22-244,V_23-244
245,V_22-245,V_23-245
246,V_22-246,V_23-246
247,V_22-247,V_23-247
248,V_22-248,V_23-248
249,V_22-249,V_23-249
250,V_22-250,V_23-250
251,V_22-251,V_23-251
252,V_22-252,V_23-252
253,V_22-253,V_23-253
254,V_22-254,V_23-254
255,V_22-255,V_23-255
256,V_22-256,V_23-256
257,V_22-257,V_23-257
258,V_22-258,V_23-258
259,V_22-259,V_23-259
260,V_22-260,V_23-260
261,V_22-261,V_23-261
262,V_22-262,V_23-262
263,V_22-263,V_23-263
264,V_22-264,V_23-264
265,V_22-265,V_23-265
266,V_22-266,V_23-266
267,V_22-267,V_23-267
268,V_22-268,V_23-268
269,V_22-269,V_23-269
270,V_22-270,V_23-270
271,V_22-271,V_23-271
272,V_22-272,V_23-272
273,V_22-273,V_23-273
274,V_22-274,V_23-274
275,V_22-275,V_23-275
276,V_22-276,V_23-276
277,V_22-277,V_23-277
278,V_22-278,V_23-278
279,V_22-279,V_23-279
280,V_22-280,V_23-280
281,V_22-281,V_23-281
282,V_22-282,V_23-282
283,V_22-283,V_23-283
284,V_22-284,V_23-284
285,V_22-285,V_23-285
286,V_22-286,V_23-286
287,V_22-287,V_23-287
288,V_22-288,V_23-288
289,V_22-289,V_23-289
290,V_22-290,V_23-290
291,V_22-291,V_23-291
292,V_22-292,V_23-292
293,V_22-293,V_23-293
294,V_22-294,V_23-294
295,V_22-295,V_23-295
296,V_22-296,V_23-296
297,V_22-297,V_23-297
298,V_22-298,V_23-298
299,V_22-299,V_23-299
300,V_22-300,V_23-300
301,V_22-301,V_23-301
302,V_22-302,V_23-302
303,V_22-303,V_23-303
304,V_22-304,V_23-304
305,V_22-305,V_23-305
306,V_22-306,V_23-306
307,V_22-307,V_23-307
308,V_22-308,V_23-308
309,V_22-309,V_23-309
310,V_22-310,V_23-310
311,V_22-311,V_23-311
312,V_22-312,V_23-312
313,V_22-313,V_23-313
314,V_22-314,V_23-314
315,V_22-315,V_23-315
316,V_22-316,V_23-316
317,V_22-317,V_23-317
318,V_22-318,V_23-318
319,V_22-319,V_23-319
320,V_22-320,V_23-320
321,V_22-321,V_23-321
322,V_22-322,V_23-322
323,V_22-323,V_23-323
324,V_22-324,V_23-324
325,V_22-325,V_23-325
326,V_22-326,V_23-326
327,V_22-327,V_23-327
328,V_22-328,V_23-328
329,V_22-329,V_23-329
330,V_22-330,V_23-330
331,V_22-331,V_23-331
332,V_22-332,V_23-332
333,V_22-333,V_23-333
334,V_22-334,V_23-334
335,V_22-335,V_23-335
336,V_22-336,V_23-336
337,V_22-337,V_23-337
338,V_22-338,V_23-338
339,V_22-339,V_23-339
340,V_22-340,V_23-340
341,V_22-341,V_23-341
342,V_22-342,V_23-342
343,V_22-343,V_23-343
344,V_22-344,V_23-344
345,V_22-345,V_23-345
346,V_22-346,V_23-346
347,V_22-347,V_23-347
348,V_22-348,V_23-348
349,V_22-349,V_23-349
350,V_22-350,V_23-350
351,V_22-351,V_23-351
352,V_22-352,V_23-352
353,V_22-353,V_23-353
354,V_22-354,V_23-354
355,V_22-355,V_23-355
356,V_22-356,V_23-356
357,V_22-357,V_23-357
358,V_22-358,V_23-358
359,V_22-359,V_23-359
360,V_22-360,V_23-360
361,V_22-361,V_23-361
362,V_22-362,V_23-362
363,V_22-363,V_23-363
364,V_22-364,V_23-364
365,V_22-365,V_23-365
366,V_22-366,V_23-366
367,V_22-367,V_23-367
368,V_22-368,V_23-368
369,V_22-369,V_23-369
370,V_22-370,V_23-370
371,V_22-371,V_23-371
372,V_22-372,V_23-372
373,V_22-373,V_23-373
374,V_22-374,V_23-374
375,V_22-375,V_23-375
376,V_22-376,V_23-376
377,V_22-377,V_23-377
378,V_22-378,V_23-378
379,V_22-379,V_23-379
380,V_22-380,V_23-380
381,V_22-381,V_23-381
382,V_22-382,V_23-382
383,V_22-383,V_23-383
384,V_22-384,V_23-384
385,V_22-385,V_23-385
386,V_22-386,V_23-386
387,V_22-387,V_23-387
388,V_22-388,V_23-388
389,V_22-389,V_23-389
390,V_22-390,V_23-390
391,V_22-391,V_23-391
392,V_22-392,V_23-392
393,V_22-393,V_23-393
394,V_22-394,V_23-394
395,V_22-395,V_23-395
396,V_22-396,V_23-396
397,V_22-397,V_23-397
398,V_22-398,V_23-398
399,V_22-399,V_23-399
400,V_22-400,V_23-400
401,V_22-401,V_23-401
402,V_22-402,V_23-402
403,V_22-403,V_23-403
404,V_22-404,V_23-404
405,V_22-405,V_23-405
406,V_22-406,V_23-406
407,V_22-407,V_23-407
408,V_22-408,V_23-408
409,V_22-409,V_23-409
410,V_22-410,V_23-410
411,V_22-411,V_23-411
412,V_22-412,V_23-412
413,V_22-413,V_23-413
414,V_22-414,V_23-414
415,V_22-415,V_23-415
416,V_22-416,V_23-416
417,V_22-417,V_23-417
418,V_22-418,V_23-418
419,V_22-419,V_23-419
420,V_22-420,V_23-420
421,V_22-421,V_23-421
422,V_22-422,V_23-422
423,V_22-423,V_23-423
424,V_22-424,V_23-424
425,V_22-425,V_23-425
426,V_22-426,V_23-426
427,V_22-427,V_23-427
428,V_22-428,V_23-428
429,V_22-429,V_23-429
430,V_22-430,V_23-430
431,V_22-431,V_23-431
432,V_22-432,V_23-432
433,V_22-433,V_23-433
434,V_22-434,V_23-434
435,V_22-435,V_23-435
436,V_22-436,V_23-436
437,V_22-437,V_23-437
438,V_22-438,V_23-438
439,V_22-439,V_23-439
440,V_22-440,V_23-440
441,V_22-441,V_23-441
442,V_22-442,V_23-442
443,V_22-443,V_23-443
444,V_22-444,V_23-444
445,V_22-445,V_23-445
446,V_22-446,V_23-446
447,V_22-447,V_23-447
448,V_22-448,V_23-448
449,V_22-449,V_23-449
450,V_22-450,V_23-450
451,V_22-451,V_23-451
452,V_22-452,V_23-452
453,V_22-453,V_23-453
454,V_22-454,V_23-454
455,V_22-455,V_23-455
456,V_22-456,V_23-456
457,V_22-457,V_23-457
458,V_22-458,V_23-458
459,V_22-459,V_23-459
460,V_22-460,V_23-460
461,V_22-461,V_23-461
462,V_22-462,V_23-462
463,V_22-463,V_23-463
464,V_22-464,V_23-464
465,V_22-465,V_23-465
466,V_22-466,V_23-466
467,V_22-467,V_23-467
468,V_22-468,V_23-468
469,V_22-469,V_23-469
470,V_22-470,V_23-470
471,V_22-471,V_23-471
472,V_22-472,V_23-472
473,V_22-473,V_23-473
474,V_22-474,V_23-474
475,V_22-475,V_23-475
476,V_22-476,V_23-476
477,V_22-477,V_23-477
478,V_22-478,V_23-478
479,V_22-479,V_23-479
480,V_22-480,V_23-480
481,V_22-481,V_23-481
482,V_22-482,V_23-482
483,V_22-483,V_23-483
484,V_22-484,V_23-484
485,V_22-485,V_23-485
486,V_22-486,V_23-486
487,V_22-487,V_23-487
488,V_22-488,V_23-488
489,V_22-489,V_23-489
490,V_22-490,V_23-490
491,V_22-491,V_23-491
492,V_22-492,V_23-492
493,V_22-493,V_23-493
494,V_22-494,V_23-494
495,V_22-495,V_23-495
496,V_22-496,V_23-496
497,V_22-497,V_23-497
498,V_22-498,V_23-498
499,V_22-499,V_23-499
500,V_22-500,V_23-500
501,V_22-501,V_23-501
502,V_22-502,V_23-502
503,V_22-503,V_23-503
504,V_22-504,V_23-504
505,V_22-505,V_23-505
506,V_22-506,V_23-506
507,V_22-507,V_23-507
508,V_22-508,V_23-508
509,V_22-509,V_23-509
510,V_22-510,V_23-510
511,V_22-511,V_23-511
512,V_22-512,V_23-512
513,V_22-513,V_23-513
514,V_22-514,V_23-514
515,V_22-515,V_23-515
516,V_22-516,V_23-516
517,V_22-517,V_23-517
518,V_22-518,V_23-518
519,V_22-519,V_23-519
520,V_22-520,V_23-520
521,V_22-521,V_23-521
522,V_22-522,V_23-522
523,V_22-523,V_23-523
524,V_22-524,V_23-524
525,V_22-525,V_23-525
526,V_22-526,V_23-526
527,V_22-527,V_23-527
528,V_22-528,V_23-528
529,V_22-529,V_23-529
530,V_22-530,V_23-530
531,V_22-531,V_23-531
532,V_22-532,V_23-532
533,V_22-533,V_23-533
534,V_22-534,V_23-534
535,V_22-535,V_23-535
536,V_22-536,V_23-536
537,V_22-537,V_23-537
538,V_22-538,V_23-538
539,V_22-539,V_23-539
540,V_22-540,V_23-540
541,V_22-541,V_23-541
542,V_22-542,V_23-542
543,V_22-543,V_23-543
544,V_22-544,V_23-544
545,V_22-545,V_23-545
546,V_22-546,V_23-546
547,V_22-547,V_23-547
548,V_22-548,V_23-548
549,V_22-549,V_23-549
550,V_22-550,V_23-550
551,V_22-551,V_23-551
552,V_22-552,V_23-552
553,V_22-553,V_23-553
554,V_22-554,V_23-554
555,V_22-555,V_23-555
556,V_22-556,V_23-556
557,V_22-557,V_23-557
558,V_22-558,V_23-558
559,V_22-559,V_23-559
560,V_22-560,V_23-560
561,V_22-561,V_23-561
562,V_22-562,V_23-562
563,V_22-563,V_23-563
564,V_22-564,V_23-564
565,V_22-565,V_23-565
566,V_22-566,V_23-566
567,V_22-567,V_23-567
568,V_22-568,V_23-568
569,V_22-569,V_23-569
570,V_22-570,V_23-570
571,V_22-571,V_23-571
572,V_22-572,V_23-572
573,V_22-573,V_23-573
574,V_22-574,V_23-574
575,V_22-575,V_23-575
576,V_22-576,V_23-576
577,V_22-577,V_23-577
578,V_22-578,V_23-578
579,V_22-579,V_23-579
580,V_22-580,V_23-580
581,V_22-581,V_23-581
582,V_22-582,V_23-582
583,V_22-583,V_23-583
584,V_22-584,V_23-584
585,V_22-585,V_23-585
586,V_22-586,V_23-586
587,V_22-587,V_23-587
588,V_22-588,V_23-588
589,V_22-589,V_23-589
590,V_22-590,V_23-590
591,V_22-591,V_23-591
592,V_22-592,V_23-592
593,V_22-593,V_23-593
594,V_22-594,V_23-594
595,V_22-595,V_23-595
596,V_22-596,V_23-596
597,V_22-597,V_23-597
598,V_22-598,V_23-598
599,V_22-599,V_23-599
600,V_22-600,V_23-600
601,V_22-601,V_23-601
602,V_22-602,V_23-602
603,V_22-603,V_23-603
604,V_22-604,V_23-604
605,V_22-605,V_23-605
606,V_22-606,V_23-606
607,V_22-607,V_23-607
608,V_22-608,V_23-608
609,V_22-609,V_23-609
610,V_22-610,V_23-610
611,V_22-611,V_23-611
612,V_22-612,V_23-612
613,V_22-613,V_23-613
614,V_22-614,V_23-614
615,V_22-615,V_23-615
616,V_22-616,V_23-616
617,V_22-617,V_23-617
618,V_22-618,V_23-618
619,V_22-619,V_23-619
620,V_22-620,V_23-620
621,V_22-621,V_23-621
622,V_22-622,V_23-622
623,V_22-623,V_23-623
624,V_22-624,V_23-624
625,V_22-625,V_23-625
626,V_22-626,V_23-626
627,V_22-627,V_23-627
628,V_22-628,V_23-628
629,V_22-629,V_23-629
630,V_22-630,V_23-630
631,V_22-631,V_23-631
632,V_22-632,V_23-632
633,V_22-633,V_23-633
634,V_22-634,V_23-634
635,V_22-635,V_23-635
636,V_22-636,V_23-636
637,V_22-637,V_23-637
638,V_22-638,V_23-638
639,V_22-639,V_23-639
640,V_22-640,V_23-640
641,V_22-641,V_23-641
642,V_22-642,V_23-642
643,V_22-643,V_23-643
644,V_22-644,V_23-644
645,V_22-645,V_23-645
646,V_22-646,V_23-646
647,V_22-647,V_23-647
648,V_22-648,V_23-648
649,V_22-649,V_23-649
650,V_22-650,V_23-650
651,V_22-651,V_23-651
652,V_22-652,V_23-652
653,V_22-653,V_23-653
654,V_22-654,V_23-654
655,V_22-655,V_23-655
656,V_22-656,V_23-656
657,V_22-657,V_23-657
658,V_22-658,V_23-658
659,V_22-659,V_23-659
660,V_22-660,V_23-660
661,V_22-661,V_23-661
662,V_22-662,V_23-662
663,V_22-663,V_23-663
664,V_22-664,V_23-664
665,V_22-665,V_23-665
666,V_22-666,V_23-666
667,V_22-667,V_23-667
668,V_22-668,V_23-668
669,V_22-669,V_23-669
670,V_22-670,V_23-670
671,V_22-671,V_23-671
672,V_22-672,V_23-672
673,V_22-673,V_23-673
674,V_22-674,V_23-674
675,V_22-675,V_23-675
676,V_22-676,V_23-676
677,V_22-677,V_23-677
678,V_22-678,V_23-678
679,V_22-679,V_23-679
680,V_22-680,V_23-680
681,V_22-681,V_23-681
682,V_22-682,V_23-682
683,V_22-683,V_23-683
684,V_22-684,V_23-684
685,V_22-685,V_23-685
686,V_22-686,V_23-686
687,V_22-687,V_23-687
688,V_22-688,V_23-688
689,V_22-689,V_23-689
690,V_22-690,V_23-690
691,V_22-691,V_23-691
692,V_22-692,V_23-692
693,V_22-693,V_23-693
694,V_22-694,V_23-694
695,V_22-695,V_23-695
696,V_22-696,V_23-696
697,V_22-697,V_23-697
698,V_22-698,V_23-698
699,V_22-699,V_23-699
700,V_22-700,V_23-700
701,V_22-701,V_23-701
702,V_22-702,V_23-702
703,V_22-703,V_23-703
704,V_22-704,V_23-704
705,V_22-705,V_23-705
706,V_22-706,V_23-706
707,V_22-707,V_23-707
708,V_22-708,V_23-708
709,V_22-709,V_23-709
710,V_22-710,V_23-710
711,V_22-711,V_23-711
712,V_22-712,V_23-712
713,V_22-713,V_23-713
714,V_22-714,V_23-714
715,V_22-715,V_23-715
716,V_22-716,V_23-716
717,V_22-717,V_23-717
718,V_22-718,V_23-718
719,V_22-719,V_23-719
720,V_22-720,V_23-720
721,V_22-721,V_23-721
722,V_22-722,V_23-722
723,V_22-723,V_23-723
724,V_22-724,V_23-724
725,V_22-725,V_23-725
726,V_22-726,V_23-726
727,V_22-727,V_23-727
728,V_22-728,V_23-728
729,V_22-729,V_23-729
730,V_22-730,V_23-730
731,V_22-731,V_23-731
732,V_22-732,V_23-732
733,V_22-733,V_23-733
734,V_22-734,V_23-734
735,V_22-735,V_23-735
736,V_22-736,V_23-736
737,V_22-737,V_23-737
738,V_22-738,V_23-738
739,V_22-739,V_23-739
740,V_22-740,V_23-740
741,V_22-741,V_23-741
742,V_22-742,V_23-742
743,V_22-743,V_23-743
744,V_22-744,V_23-744
745,V_22-745,V_23-745
746,V_22-746,V_23-746
747,V_22-747,V_23-747
748,V_22-748,V_23-748
749,V_22-749,V_23-749
750,V_22-750,V_23-750
751,V_22-751,V_23-751
752,V_22-752,V_23-752
753,V_22-753,V_23-753
754,V_22-754,V_23-754
755,V_22-755,V_23-755
756,V_22-756,V_23-756
757,V_22-757,V_23-757
758,V_22-758,V_23-758
759,V_22-759,V_23-759
760,V_22-760,V_23-760
761,V_22-761,V_23-761
762,V_22-762,V_23-762
763,V_22-763,V_23-763
764,V_22-764,V_23-764
765,V_22-765,V_23-765
766,V_22-766,V_23-766
767,V_22-767,V_23-767
768,V_22-768,V_23-768
769,V_22-769,V_23-769
770,V_22-770,V_23-770
771,V_22-771,V_23-771
772,V_22-772,V_23-772
773,V_22-773,V_23-773
774,V_22-774,V_23-774
775,V_22-775,V_23-775
776,V_22-776,V_23-776
777,V_22-777,V_23-777
778,V_22-778,V_23-778
779,V_22-779,V_23-779
780,V_22-780,V_23-780
781,V_22-781,V_23-781
782,V_22-782,V_23-782
783,V_22-783,V_23-783
784,V_22-784,V_23-784
785,V_22-785,V_23-785
786,V_22-786,V_23-786
787,V_22-787,V_23-787
788,V_22-788,V_23-788
789,V_22-789,V_23-789
790,V_22-790,V_23-790
791,V_22-791,V_23-791
792,V_22-792,V_23-792
793,V_22-793,V_23-793
794,V_22-794,V_23-794
795,V_22-795,V_23-795
796,V_22-796,V_23-796
797,V_22-797,V_23-797
798,V_22-798,V_23-798
799,V_22-799,V_23-799
800,V_22-800,V_23-800
801,V_22-801,V_23-801
802,V_22-802,V_23-802
803,V_22-803,V_23-803
804,V_22-804,V_23-804
805,V_22-805,V_23-805
806,V_22-806,V_23-806
807,V_22-807,V_23-807
808,V_22-808,V_23-808
809,V_22-809,V_23-809
810,V_22-810,V_23-810
811,V_22-811,V_23-811
812,V_22-812,V_23-812
813,V_22-813,V_23-813
814,V_22-814,V_23-814
815,V_22-815,V_23-815
816,V_22-816,V_23-816
817,V_22-817,V_23-817
818,V_22-818,V_23-818
819,V_22-819,V_23-819
820,V_22-820,V_23-820
821,V_22-821,V_23-821
822,V_22-822,V_23-822
823,V_22-823,V_23-823
824,V_22-824,V_23-824
825,V_22-825,V_23-825
826,V_22-826,V_23-826
827,V_22-827,V_23-827
828,V_22-828,V_23-828
829,V_22-829,V_23-829
830,V_22-830,V_23-830
831,V_22-831,V_23-831
832,V_22-832,V_23-832
833,V_22-833,V_23-833
834,V_22-834,V_23-834
835,V_22-835,V_23-835
836,V_22-836,V_23-836
837,V_22-837,V_23-837
838,V_22-838,V_23-838
839,V_22-839,V_23-839
840,V_22-840,V_23-840
841,V_22-841,V_23-841
842,V_22-842,V_23-842
843,V_22-843,V_23-843
844,V_22-844,V_23-844
845,V_22-845,V_23-845
846,V_22-846,V_23-846
847,V_22-847,V_23-847
848,V_22-848,V_23-848
849,V_22-849,V_23-849
850,V_22-850,V_23-850
851,V_22-851,V_23-851
852,V_22-852,V_23-852
853,V_22-853,V_23-853
854,V_22-854,V_23-854
855,V_22-855,V_23-855
856,V_22-856,V_23-856
857,V_22-857,V_23-857
858,V_22-858,V_23-858
859,V_22-859,V_23-859
860,V_22-860,V_23-860
861,V_22-861,V_23-861
862,V_22-862,V_23-862
863,V_22-863,V_23-863
864,V_22-864,V_23-864
865,V_22-865,V_23-865
866,V_22-866,V_23-866
867,V_22-867,V_23-867
868,V_22-868,V_23-868
869,V_22-869,V_23-869
870,V_22-870,V_23-870
871,V_22-871,V_23-871
872,V_22-872,V_23-872
873,V_22-873,V_23-873
874,V_22-874,V_23-874
875,V_22-875,V_23-875
876,V_22-876,V_23-876
877,V_22-877,V_23-877
878,V_22-878,V_23-878
879,V_22-879,V_23-879
880,V_22-880,V_23-880
881,V_22-881,V_23-881
882,V_22-882,V_23-882
883,V_22-883,V_23-883
884,V_22-884,V_23-884
885,V_22-885,V_23-885
886,V_22-886,V_23-886
887,V_22-887,V_23-887
888,V_22-888,V_23-888
889,V_22-889,V_23-889
890,V_22-890,V_23-890
891,V_22-891,V_23-891
892,V_22-892,V_23-892
893,V_22-893,V_23-893
894,V_22-894,V_23-894
895,V_22-895,V_23-895
896,V_22-896,V_23-896
897,V_22-897,V_23-897
898,V_22-898,V_23-898
899,V_22-899,V_23-899
900,V_22-900,V_23-900
901,V_22-901,V_23-901
902,V_22-902,V_23-902
903,V_22-903,V_23-903
904,V_22-904,V_23-904
905,V_22-905,V_23-905
906,V_22-906,V_23-906
907,V_22-907,V_23-907
908,V_22-908,V_23-908
909,V_22-909,V_23-909
910,V_22-910,V_23-910
911,V_22-911,V_23-911
912,V_22-912,V_23-912
913,V_22-913,V_23-913
914,V_22-914,V_23-914
915,V_22-915,V_23-915
916,V_22-916,V_23-916
917,V_22-917,V_23-917
918,V_22-918,V_23-918
919,V_22-919,V_23-919
920,V_22-920,V_23-920
921,V_22-921,V_23-921
922,V_22-922,V_23-922
923,V_22-923,V_23-923
924,V_22-924,V_23-924
925,V_22-925,V_23-925
926,V_22-926,V_23-926
927,V_22-927,V_23-927
928,V_22-928,V_23-928
929,V_22-929,V_23-929
930,V_22-930,V_23-930
931,V_22-931,V_23-931
932,V_22-932,V_23-932
933,V_22-933,V_23-933
934,V_22-934,V_23-934
935,V_22-935,V_23-935
936,V_22-936,V_23-936
937,V_22-937,V_23-937
938,V_22-938,V_23-938
939,V_22-939,V_23-939
940,V_22-940,V_23-940
941,V_22-941,V_23-941
942,V_22-942,V_23-942
943,V_22-943,V_23-943
944,V_22-944,V_23-944
945,V_22-945,V_23-945
946,V_22-946,V_23-946
947,V_22-947,V_23-947
948,V_22-948,V_23-948
949,V_22-949,V_23-949
950,V_22-950,V_23-950
951,V_22-951,V_23-951
952,V_22-952,V_23-952
953,V_22-953,V_23-953
954,V_22-954,V_23-954
955,V_22-955,V_23-955
956,V_22-956,V_23-956
957,V_22-957,V_23-957
958,V_22-958,V_23-958
959,V_22-959,V_23-959
960,V_22-960,V_23-960
961,V_22-961,V_23-961
962,V_22-962,V_23-962
963,V_22-963,V_23-963
964,V_22-964,V_23-964
965,V_22-965,V_23-965
966,V_22-966,V_23-966
967,V_22-967,V_23-967
968,V_22-968,V_23-968
969,V_22-969,V_23-969
970,V_22-970,V_23-970
971,V_22-971,V_23-971
972,V_22-972,V_23-972
973,V_22-973,V_23-973
974,V_22-974,V_23-974
975,V_22-975,V_23-975
976,V_22-976,V_23-976
977,V_22-977,V_23-977
978,V_22-978,V_23-978
979,V_22-979,V_23-979
980,V_22-980,V_23-980
981,V_22-981,V_23-981
982,V_22-982,V_23-982
983,V_22-983,V_23-983
984,V_22-984,V_23-984
985,V_22-985,V_23-985
986,V_22-986,V_23-986
987,V_22-987,V_23-987
988,V_22-988,V_23-988
989,V_22-989,V_23-989
990,V_22-990,V_23-990
991,V_22-991,V_23-991
992,V_22-992,V_23-992
993,V_22-993,V_23-993
994,V_22-994,V_23-994
995,V_22-995,V_23-995
996,V_22-996,V_23-996
997,V_22-997,V_23-997
998,V_22-998,V_23-998
999,V_22-999,V_23-999
1000,V_22-1000,V_23-1000
